Strategy A,Strategy B
0.26926265707854435,0.734254878198787
-0.6312974358892722,0.7033301471643161
-0.14266781197089484,-0.6163295190975491
0.9094889536032977,-0.5644592884839721
-0.47395498771979305,-0.20136792340244725
-0.639274297002361,-0.5828143625459687
0.7862654440359635,-0.4844201286458514
-0.7601155854408217,-0.2276345864533882
0.0041606318720275315,0.04849431891399414
0.034271515836979516,-0.6905381969662518
