Strategy A,Strategy B
-0.5707956503717857,0.9949461711089678
0.9829649293564169,0.8105096538637238
0.037602908197632345,0.02581119203678406
-0.907684824755133,0.4933374377609743
0.7297681887979655,-0.4667316572238762
0.9067066863614759,0.9571923307246841
-0.24657789964077637,0.48748700340965256
-0.4325752424425291,0.08439075171442312
-0.15337006778256757,-0.4825144935734651
-0.2940938996991034,0.41265295749179143
